Year,Population
2022,3581439.783140071
2023,3574350.2843730464
2024,3567260.7272394015
2025,3560171.1002351833
2026,3553081.473416414
2027,3545991.846751514
2028,3538902.22008608
2029,3531812.593420307
2030,3524722.9667545357
2031,3517633.340088765
2032,3510543.7134229946
2033,3503454.086757224
2034,3496364.4600914535
2035,3489274.833425683
2036,3482185.2067599124
2037,3475095.580094142
2038,3468005.9534283713
2039,3460916.326762601
2040,3453826.7000968303
2041,3446737.0734310597
2042,3439647.446765289
2043,3432557.8200995186
2044,3425468.193433748
2045,3418378.5667679776
2046,3411288.940102207
2047,3404199.3134364365
2048,3397109.686770666
2049,3390020.0601048954
2050,3382930.433439125
